,entity_id,deal_id,fund,facility_level_paid_in,facility_level_distr,facility_level_MOIC,facility_level_xirr,deal_level_paid_in,deal_level_distr,deal_level_MOIC,deal_level_xirr,fund_level_paid_in,fund_level_distr,fund_level_MOIC,fund_level_xirr
0,f001,d001,hbc_private_credit_fund_i,48500000.0,58025000.0,1.1963917525773196,0.14013039131186944,74175000.0,88240242.8732,1.1896224182433435,0.1360031994625363,127825000.0,152066484.65240002,1.1896458803238805,0.13475779223236994
1,f002,d001,hbc_private_credit_fund_i,25675000.0,30215242.8732,1.1768351654605647,0.12805545012276318,74175000.0,88240242.8732,1.1896224182433435,0.1360031994625363,127825000.0,152066484.65240002,1.1896458803238805,0.13475779223236994
2,f003,d002,hbc_private_credit_fund_i,28650000.0,34863741.7792,1.2168845298150088,0.14995212772200844,53650000.0,63826241.7792,1.1896783183448276,0.1330750231077575,127825000.0,152066484.65240002,1.1896458803238805,0.13475779223236994
3,f004,d002,hbc_private_credit_fund_i,25000000.0,28962500.0,1.1585,0.11313906974172326,53650000.0,63826241.7792,1.1896783183448276,0.1330750231077575,127825000.0,152066484.65240002,1.1896458803238805,0.13475779223236994
4,f005,d003,hbc_private_credit_fund_ii,39300000.0,46340000.0,1.1791348600508906,0.1276967577192405,39300000.0,46340000.0,1.1791348600508906,0.1276967577192405,39300000.0,46340000.0,1.1791348600508906,0.1276967577192405
